{
    "metadata": {
        "Filename": "DE-26-4010-X12.json",
        "Owner": "X12",
        "Release": "4010",
        "ElementID": "26",
        "NameShort": "Country Code",
        "MinLen": 2,
        "MaxLen": 3,
        "Records": 498,
        "URL": "https://www.stedi.com/edi/x12-004010/element/26"
    },
    "data": {
        "ABW": "Aruba",
        "AD": "Andorra",
        "AE": "United Arab Emirates (the)",
        "AF": "Afghanistan",
        "AFG": "Afghanistan",
        "AG": "Antigua and Barbuda",
        "AGO": "Angola",
        "AI": "Anguilla",
        "AIA": "Anguilla",
        "AL": "Albania",
        "ALA": "\u00c5land Islands",
        "ALB": "Albania",
        "AM": "Armenia",
        "AND": "Andorra",
        "AO": "Angola",
        "AQ": "Antarctica",
        "AR": "Argentina",
        "ARE": "United Arab Emirates (the)",
        "ARG": "Argentina",
        "ARM": "Armenia",
        "AS": "American Samoa",
        "ASM": "American Samoa",
        "AT": "Austria",
        "ATA": "Antarctica",
        "ATF": "French Southern Territories (the)",
        "ATG": "Antigua and Barbuda",
        "AU": "Australia",
        "AUS": "Australia",
        "AUT": "Austria",
        "AW": "Aruba",
        "AX": "\u00c5land Islands",
        "AZ": "Azerbaijan",
        "AZE": "Azerbaijan",
        "BA": "Bosnia and Herzegovina",
        "BB": "Barbados",
        "BD": "Bangladesh",
        "BDI": "Burundi",
        "BE": "Belgium",
        "BEL": "Belgium",
        "BEN": "Benin",
        "BES": "Bonaire, Sint Eustatius and Saba",
        "BF": "Burkina Faso",
        "BFA": "Burkina Faso",
        "BG": "Bulgaria",
        "BGD": "Bangladesh",
        "BGR": "Bulgaria",
        "BH": "Bahrain",
        "BHR": "Bahrain",
        "BHS": "Bahamas (the)",
        "BI": "Burundi",
        "BIH": "Bosnia and Herzegovina",
        "BJ": "Benin",
        "BL": "Saint Barth\u00e9lemy",
        "BLM": "Saint Barth\u00e9lemy",
        "BLR": "Belarus",
        "BLZ": "Belize",
        "BM": "Bermuda",
        "BMU": "Bermuda",
        "BN": "Brunei Darussalam",
        "BO": "Bolivia (Plurinational State of)",
        "BOL": "Bolivia (Plurinational State of)",
        "BQ": "Bonaire, Sint Eustatius and Saba",
        "BR": "Brazil",
        "BRA": "Brazil",
        "BRB": "Barbados",
        "BRN": "Brunei Darussalam",
        "BS": "Bahamas (the)",
        "BT": "Bhutan",
        "BTN": "Bhutan",
        "BV": "Bouvet Island",
        "BVT": "Bouvet Island",
        "BW": "Botswana",
        "BWA": "Botswana",
        "BY": "Belarus",
        "BZ": "Belize",
        "CA": "Canada",
        "CAF": "Central African Republic (the)",
        "CAN": "Canada",
        "CC": "Cocos (Keeling) Islands (the)",
        "CCK": "Cocos (Keeling) Islands (the)",
        "CD": "Congo (the Democratic Republic of the)",
        "CF": "Central African Republic (the)",
        "CG": "Congo (the)",
        "CH": "Switzerland",
        "CHE": "Switzerland",
        "CHL": "Chile",
        "CHN": "China",
        "CI": "C\u00f4te d'Ivoire",
        "CIV": "C\u00f4te d'Ivoire",
        "CK": "Cook Islands (the)",
        "CL": "Chile",
        "CM": "Cameroon",
        "CMR": "Cameroon",
        "CN": "China",
        "CO": "Colombia",
        "COD": "Congo (the Democratic Republic of the)",
        "COG": "Congo (the)",
        "COK": "Cook Islands (the)",
        "COL": "Colombia",
        "COM": "Comoros (the)",
        "CPV": "Cabo Verde",
        "CR": "Costa Rica",
        "CRI": "Costa Rica",
        "CU": "Cuba",
        "CUB": "Cuba",
        "CUW": "Cura\u00e7ao",
        "CV": "Cabo Verde",
        "CW": "Cura\u00e7ao",
        "CX": "Christmas Island",
        "CXR": "Christmas Island",
        "CY": "Cyprus",
        "CYM": "Cayman Islands (the)",
        "CYP": "Cyprus",
        "CZ": "Czechia",
        "CZE": "Czechia",
        "DE": "Germany",
        "DEU": "Germany",
        "DJ": "Djibouti",
        "DJI": "Djibouti",
        "DK": "Denmark",
        "DM": "Dominica",
        "DMA": "Dominica",
        "DNK": "Denmark",
        "DO": "Dominican Republic (the)",
        "DOM": "Dominican Republic (the)",
        "DZ": "Algeria",
        "DZA": "Algeria",
        "EC": "Ecuador",
        "ECU": "Ecuador",
        "EE": "Estonia",
        "EG": "Egypt",
        "EGY": "Egypt",
        "EH": "Western Sahara*",
        "ER": "Eritrea",
        "ERI": "Eritrea",
        "ES": "Spain",
        "ESH": "Western Sahara*",
        "ESP": "Spain",
        "EST": "Estonia",
        "ET": "Ethiopia",
        "ETH": "Ethiopia",
        "FI": "Finland",
        "FIN": "Finland",
        "FJ": "Fiji",
        "FJI": "Fiji",
        "FK": "Falkland Islands (the) [Malvinas]",
        "FLK": "Falkland Islands (the) [Malvinas]",
        "FM": "Micronesia (Federated States of)",
        "FO": "Faroe Islands (the)",
        "FR": "France",
        "FRA": "France",
        "FRO": "Faroe Islands (the)",
        "FSM": "Micronesia (Federated States of)",
        "GA": "Gabon",
        "GAB": "Gabon",
        "GB": "United Kingdom of Great Britain and Northern Ireland (the)",
        "GBR": "United Kingdom of Great Britain and Northern Ireland (the)",
        "GD": "Grenada",
        "GE": "Georgia",
        "GEO": "Georgia",
        "GF": "French Guiana",
        "GG": "Guernsey",
        "GGY": "Guernsey",
        "GH": "Ghana",
        "GHA": "Ghana",
        "GI": "Gibraltar",
        "GIB": "Gibraltar",
        "GIN": "Guinea",
        "GL": "Greenland",
        "GLP": "Guadeloupe",
        "GM": "Gambia (the)",
        "GMB": "Gambia (the)",
        "GN": "Guinea",
        "GNB": "Guinea-Bissau",
        "GNQ": "Equatorial Guinea",
        "GP": "Guadeloupe",
        "GQ": "Equatorial Guinea",
        "GR": "Greece",
        "GRC": "Greece",
        "GRD": "Grenada",
        "GRL": "Greenland",
        "GS": "South Georgia and the South Sandwich Islands",
        "GT": "Guatemala",
        "GTM": "Guatemala",
        "GU": "Guam",
        "GUF": "French Guiana",
        "GUM": "Guam",
        "GUY": "Guyana",
        "GW": "Guinea-Bissau",
        "GY": "Guyana",
        "HK": "Hong Kong",
        "HKG": "Hong Kong",
        "HM": "Heard Island and McDonald Islands",
        "HMD": "Heard Island and McDonald Islands",
        "HN": "Honduras",
        "HND": "Honduras",
        "HR": "Croatia",
        "HRV": "Croatia",
        "HT": "Haiti",
        "HTI": "Haiti",
        "HU": "Hungary",
        "HUN": "Hungary",
        "ID": "Indonesia",
        "IDN": "Indonesia",
        "IE": "Ireland",
        "IL": "Israel",
        "IM": "Isle of Man",
        "IMN": "Isle of Man",
        "IN": "India",
        "IND": "India",
        "IO": "British Indian Ocean Territory (the)",
        "IOT": "British Indian Ocean Territory (the)",
        "IQ": "Iraq",
        "IR": "Iran (Islamic Republic of)",
        "IRL": "Ireland",
        "IRN": "Iran (Islamic Republic of)",
        "IRQ": "Iraq",
        "IS": "Iceland",
        "ISL": "Iceland",
        "ISR": "Israel",
        "IT": "Italy",
        "ITA": "Italy",
        "JAM": "Jamaica",
        "JE": "Jersey",
        "JEY": "Jersey",
        "JM": "Jamaica",
        "JO": "Jordan",
        "JOR": "Jordan",
        "JP": "Japan",
        "JPN": "Japan",
        "KAZ": "Kazakhstan",
        "KE": "Kenya",
        "KEN": "Kenya",
        "KG": "Kyrgyzstan",
        "KGZ": "Kyrgyzstan",
        "KH": "Cambodia",
        "KHM": "Cambodia",
        "KI": "Kiribati",
        "KIR": "Kiribati",
        "KM": "Comoros (the)",
        "KN": "Saint Kitts and Nevis",
        "KNA": "Saint Kitts and Nevis",
        "KOR": "Korea (the Republic of)",
        "KP": "Korea (the Democratic People's Republic of)",
        "KR": "Korea (the Republic of)",
        "KW": "Kuwait",
        "KWT": "Kuwait",
        "KY": "Cayman Islands (the)",
        "KZ": "Kazakhstan",
        "LA": "Lao People's Democratic Republic (the)",
        "LAO": "Lao People's Democratic Republic (the)",
        "LB": "Lebanon",
        "LBN": "Lebanon",
        "LBR": "Liberia",
        "LBY": "Libya",
        "LC": "Saint Lucia",
        "LCA": "Saint Lucia",
        "LI": "Liechtenstein",
        "LIE": "Liechtenstein",
        "LK": "Sri Lanka",
        "LKA": "Sri Lanka",
        "LR": "Liberia",
        "LS": "Lesotho",
        "LSO": "Lesotho",
        "LT": "Lithuania",
        "LTU": "Lithuania",
        "LU": "Luxembourg",
        "LUX": "Luxembourg",
        "LV": "Latvia",
        "LVA": "Latvia",
        "LY": "Libya",
        "MA": "Morocco",
        "MAC": "Macao",
        "MAF": "Saint Martin (French part)",
        "MAR": "Morocco",
        "MC": "Monaco",
        "MCO": "Monaco",
        "MD": "Moldova (the Republic of)",
        "MDA": "Moldova (the Republic of)",
        "MDG": "Madagascar",
        "MDV": "Maldives",
        "ME": "Montenegro",
        "MEX": "Mexico",
        "MF": "Saint Martin (French part)",
        "MG": "Madagascar",
        "MH": "Marshall Islands (the)",
        "MHL": "Marshall Islands (the)",
        "MK": "North Macedonia",
        "MKD": "North Macedonia",
        "ML": "Mali",
        "MLI": "Mali",
        "MLT": "Malta",
        "MM": "Myanmar",
        "MMR": "Myanmar",
        "MN": "Mongolia",
        "MNE": "Montenegro",
        "MNG": "Mongolia",
        "MNP": "Northern Mariana Islands (the)",
        "MO": "Macao",
        "MOZ": "Mozambique",
        "MP": "Northern Mariana Islands (the)",
        "MQ": "Martinique",
        "MR": "Mauritania",
        "MRT": "Mauritania",
        "MS": "Montserrat",
        "MSR": "Montserrat",
        "MT": "Malta",
        "MTQ": "Martinique",
        "MU": "Mauritius",
        "MUS": "Mauritius",
        "MV": "Maldives",
        "MW": "Malawi",
        "MWI": "Malawi",
        "MX": "Mexico",
        "MY": "Malaysia",
        "MYS": "Malaysia",
        "MYT": "Mayotte",
        "MZ": "Mozambique",
        "NA": "Namibia",
        "NAM": "Namibia",
        "NC": "New Caledonia",
        "NCL": "New Caledonia",
        "NE": "Niger (the)",
        "NER": "Niger (the)",
        "NF": "Norfolk Island",
        "NFK": "Norfolk Island",
        "NG": "Nigeria",
        "NGA": "Nigeria",
        "NI": "Nicaragua",
        "NIC": "Nicaragua",
        "NIU": "Niue",
        "NL": "Netherlands (the)",
        "NLD": "Netherlands (the)",
        "NO": "Norway",
        "NOR": "Norway",
        "NP": "Nepal",
        "NPL": "Nepal",
        "NR": "Nauru",
        "NRU": "Nauru",
        "NU": "Niue",
        "NZ": "New Zealand",
        "NZL": "New Zealand",
        "OM": "Oman",
        "OMN": "Oman",
        "PA": "Panama",
        "PAK": "Pakistan",
        "PAN": "Panama",
        "PCN": "Pitcairn",
        "PE": "Peru",
        "PER": "Peru",
        "PF": "French Polynesia",
        "PG": "Papua New Guinea",
        "PH": "Philippines (the)",
        "PHL": "Philippines (the)",
        "PK": "Pakistan",
        "PL": "Poland",
        "PLW": "Palau",
        "PM": "Saint Pierre and Miquelon",
        "PN": "Pitcairn",
        "PNG": "Papua New Guinea",
        "POL": "Poland",
        "PR": "Puerto Rico",
        "PRI": "Puerto Rico",
        "PRK": "Korea (the Democratic People's Republic of)",
        "PRT": "Portugal",
        "PRY": "Paraguay",
        "PS": "Palestine, State of",
        "PSE": "Palestine, State of",
        "PT": "Portugal",
        "PW": "Palau",
        "PY": "Paraguay",
        "PYF": "French Polynesia",
        "QA": "Qatar",
        "QAT": "Qatar",
        "RE": "R\u00e9union",
        "REU": "R\u00e9union",
        "RO": "Romania",
        "ROU": "Romania",
        "RS": "Serbia",
        "RU": "Russian Federation (the)",
        "RUS": "Russian Federation (the)",
        "RW": "Rwanda",
        "RWA": "Rwanda",
        "SA": "Saudi Arabia",
        "SAU": "Saudi Arabia",
        "SB": "Solomon Islands",
        "SC": "Seychelles",
        "SD": "Sudan (the)",
        "SDN": "Sudan (the)",
        "SE": "Sweden",
        "SEN": "Senegal",
        "SG": "Singapore",
        "SGP": "Singapore",
        "SGS": "South Georgia and the South Sandwich Islands",
        "SH": "Saint Helena, Ascension and Tristan da Cunha",
        "SHN": "Saint Helena, Ascension and Tristan da Cunha",
        "SI": "Slovenia",
        "SJ": "Svalbard and Jan Mayen",
        "SJM": "Svalbard and Jan Mayen",
        "SK": "Slovakia",
        "SL": "Sierra Leone",
        "SLB": "Solomon Islands",
        "SLE": "Sierra Leone",
        "SLV": "El Salvador",
        "SM": "San Marino",
        "SMR": "San Marino",
        "SN": "Senegal",
        "SO": "Somalia",
        "SOM": "Somalia",
        "SPM": "Saint Pierre and Miquelon",
        "SR": "Suriname",
        "SRB": "Serbia",
        "SS": "South Sudan",
        "SSD": "South Sudan",
        "ST": "Sao Tome and Principe",
        "STP": "Sao Tome and Principe",
        "SUR": "Suriname",
        "SV": "El Salvador",
        "SVK": "Slovakia",
        "SVN": "Slovenia",
        "SWE": "Sweden",
        "SWZ": "Eswatini",
        "SX": "Sint Maarten (Dutch part)",
        "SXM": "Sint Maarten (Dutch part)",
        "SY": "Syrian Arab Republic (the)",
        "SYC": "Seychelles",
        "SYR": "Syrian Arab Republic (the)",
        "SZ": "Eswatini",
        "TC": "Turks and Caicos Islands (the)",
        "TCA": "Turks and Caicos Islands (the)",
        "TCD": "Chad",
        "TD": "Chad",
        "TF": "French Southern Territories (the)",
        "TG": "Togo",
        "TGO": "Togo",
        "TH": "Thailand",
        "THA": "Thailand",
        "TJ": "Tajikistan",
        "TJK": "Tajikistan",
        "TK": "Tokelau",
        "TKL": "Tokelau",
        "TKM": "Turkmenistan",
        "TL": "Timor-Leste",
        "TLS": "Timor-Leste",
        "TM": "Turkmenistan",
        "TN": "Tunisia",
        "TO": "Tonga",
        "TON": "Tonga",
        "TR": "T\u00fcrkiye",
        "TT": "Trinidad and Tobago",
        "TTO": "Trinidad and Tobago",
        "TUN": "Tunisia",
        "TUR": "T\u00fcrkiye",
        "TUV": "Tuvalu",
        "TV": "Tuvalu",
        "TW": "Taiwan (Province of China)",
        "TWN": "Taiwan (Province of China)",
        "TZ": "Tanzania, the United Republic of",
        "TZA": "Tanzania, the United Republic of",
        "UA": "Ukraine",
        "UG": "Uganda",
        "UGA": "Uganda",
        "UKR": "Ukraine",
        "UM": "United States Minor Outlying Islands (the)",
        "UMI": "United States Minor Outlying Islands (the)",
        "URY": "Uruguay",
        "US": "United States of America (the)",
        "USA": "United States of America (the)",
        "UY": "Uruguay",
        "UZ": "Uzbekistan",
        "UZB": "Uzbekistan",
        "VA": "Holy See (the)",
        "VAT": "Holy See (the)",
        "VC": "Saint Vincent and the Grenadines",
        "VCT": "Saint Vincent and the Grenadines",
        "VE": "Venezuela (Bolivarian Republic of)",
        "VEN": "Venezuela (Bolivarian Republic of)",
        "VG": "Virgin Islands (British)",
        "VGB": "Virgin Islands (British)",
        "VI": "Virgin Islands (U.S.)",
        "VIR": "Virgin Islands (U.S.)",
        "VN": "Viet Nam",
        "VNM": "Viet Nam",
        "VU": "Vanuatu",
        "VUT": "Vanuatu",
        "WF": "Wallis and Futuna",
        "WLF": "Wallis and Futuna",
        "WS": "Samoa",
        "WSM": "Samoa",
        "YE": "Yemen",
        "YEM": "Yemen",
        "YT": "Mayotte",
        "ZA": "South Africa",
        "ZAF": "South Africa",
        "ZM": "Zambia",
        "ZMB": "Zambia",
        "ZW": "Zimbabwe",
        "ZWE": "Zimbabwe"
    }
}